{"cameraMode":{"drawMode":0,"name":"Shaded","section":"Shading Mode"},"sceneLighting":false,"audioPlay":false,"sceneViewState":{"m_AlwaysRefresh":false,"showFog":true,"showSkybox":true,"showFlares":true,"showImageEffects":true,"showParticleSystems":true,"showVisualEffectGraphs":true,"m_FxEnabled":true},"in2DMode":false,"pivot":{"x":0.39620208740234377,"y":-1.7418277263641358,"z":1.6436748504638672},"rotation":{"x":-0.07550248503684998,"y":-0.47144511342048647,"z":0.04055405408143997,"w":-0.8777232766151428},"size":6.529177665710449,"orthographic":false}